Workbook

Sheet 前提
A1: 森未来 営業部｜下期 数字管理
A2: スコープ | B2: 木材コーディネート＋TREEBATON／フェーズ00_失注を除外／OEM・建築は含まない
A3: データ基準日 | B3: 2026/10/05 SF出力
A4: 出典 | B4: ★コーデTB_総商談_通期_26年度（235件）／★コーデTB_AB_下期_26年度（20件）
A6: ■ 入力値（ここだけ更新すれば全シートが再計算されます）
A7: 下期予算（千円） | B7: 141913 | C7: ※ 9/11時点で使用した値。SFの正式な下期予算と一致するか要確認
A8: 下期の月数 | B8: 6 | C8: ※ 10月〜3月
A9: CD玉の想定転換率 | B9: 0.373 | C9: ※ 直近2年593件の実測成約率（成約件数 ÷ 総商談件数）
A10: CD玉 金額未入力 件数 | B10: 34 | C10: ※ 下期CD玉113件のうち金額が空欄のもの
A11: 入力済CD玉の中央値（千円） | B11: 1000 | C11: ※ 金額が入っている79件の中央値
A12: 入力済CD玉の平均（千円） | B12: 2327 | C12: ※ 金額が入っている79件の平均
A14: 月予算（千円） | B14: =B7/B8 -> 23652.167 | C14: ＝ 下期予算 ÷ 月数（均等割）。実際の月次配分があれば月次シートで直接上書きしてください
A17: ■ 凡例
A18: 青字 | B18: 手入力。SFレポートから転記する数字
A19: 黒字 | B19: 数式。触らない
A20: 緑字 | B20: 他シートからの参照。触らない
A21: 黄色塗り | B21: 重要な前提。変わると全体が動く

Sheet 下期サマリ
A1: 下期サマリ 単位：千円
A2: 数字は月次シートから自動集計されます。
A4: ■ A. 下期の数字
A5: 項目 | B5: 金額（千円） | C5: 下期予算比 | D5: ※ 算出方法
A6: 下期予算 | B6: =前提!B7 -> 141913 | C6: =B6/$B$6 -> 1 | D6: 9/11時点の値。SFの正式値と要確認
A7: ① 受注済（成約） | B7: =月次!H7 -> 13111 | C7: =B7/$B$6 -> 0.09238759 | D7: 完了予定10〜3月、フェーズ07.成約の8件
A8: ② AB玉 | B8: =月次!H8 -> 20739 | C8: =B8/$B$6 -> 0.14613883 | D8: 同期間、確度A・B、フェーズ07以外の12件
A9: AB玉ベース着地見込み（①＋②） | B9: =B7+B8 -> 33850 | C9: =B9/$B$6 -> 0.23852642 | D9: ほぼ動かない確定ライン
A10: 残り必要額（予算 −①−②） | B10: =B6-B9 -> 108063 | C10: =B10/$B$6 -> 0.76147358 | D10: ここをCD玉から作る
A11: ③ CD玉（在庫） | B11: =月次!H12 -> 183799 | C11: =B11/$B$6 -> 1.2951527 | D11: 同期間、確度C・D、フェーズ07以外の113件
A14: ■ B. ABを差し引いた後 ─ あといくら足りないか
A15: 項目 | B15: 値 | D15: ※ 算出方法
A16: 残り必要額 | B16: =B10 -> 108063 | D16: A表より（下期予算 − 受注済 − AB玉）
A17: CD玉（在庫） | B17: =B11 -> 183799 | D17: A表より
A18: 必要転換率 | B18: =IFERROR(B16/B17,0) -> 0.58794117 | D18: 残り必要額 ÷ CD玉。これだけ転換できれば予算に届く
A19: 想定転換率（実績の成約率） | B19: =前提!B9 -> 0.373 | D19: 直近2年593件の実測
A20: 想定どおりの転換額 | B20: =B17*B19 -> 68557.027 | D20: CD玉 × 想定転換率
A21: 不足 | B21: =B16-B20 -> 39505.973 | D21: 残り必要額 − 想定どおりの転換額
A24: ■ C. 最終着地の見立て
A25: 項目 | B25: 金額（千円） | C25: 下期予算比 | D25: ※ 算出方法
A26: ① 受注済 | B26: =B7 -> 13111 | C26: =B26/$B$6 -> 0.09238759 | D26: 確定
A27: ② AB玉 | B27: =B8 -> 20739 | C27: =B27/$B$6 -> 0.14613883 | D27: ほぼ動かない
A28: ③ CD玉からの転換 | B28: =B20 -> 68557.027 | C28: =B28/$B$6 -> 0.48309194 | D28: CD玉 × 想定転換率
A29: 最終着地見込み | B29: =SUM(B26:B28) -> 102407.03 | C29: =B29/$B$6 -> 0.72161836 | D29: ①＋②＋③
A30: 予算との差 | B30: =B6-B29 -> 39505.973 | C30: =B30/$B$6 -> 0.27838164 | D30: 下期予算 − 最終着地見込み

Sheet 月次
A1: 月次（下期6ヶ月） 単位：千円
A2: 青字のみ手入力。SFの完了予定月・確度・フェーズで集計した値を入れてください。
A4: 項目 | B4: 10月 | C4: 11月 | D4: 12月 | E4: 1月 | F4: 2月 | G4: 3月 | H4: 下期合計
A5: 商談件数 | B5: 32 | C5: 9 | D5: 32 | E5: 4 | F5: 5 | G5: 52 | H5: =SUM(B5:G5) -> 134
A6: 月予算 | B6: =前提!$B$7/前提!$B$8 -> 23652.167 | C6: =前提!$B$7/前提!$B$8 -> 23652.167 | D6: =前提!$B$7/前提!$B$8 -> 23652.167 | E6: =前提!$B$7/前提!$B$8 -> 23652.167 | F6: =前提!$B$7/前提!$B$8 -> 23652.167 | G6: =前提!$B$7/前提!$B$8 -> 23652.167 | H6: =SUM(B6:G6) -> 141913
A7: ① 受注済（フェーズ07.成約） | B7: 9471 | C7: 0 | D7: 3640 | E7: 0 | F7: 0 | G7: 0 | H7: =SUM(B7:G7) -> 13111
A8: ② AB玉（確度A・B／未成約） | B8: 10805 | C8: 3700 | D8: 5106 | E8: 0 | F8: 0 | G8: 1128 | H8: =SUM(B8:G8) -> 20739
A9: AB玉ベース着地見込み（①＋②） | B9: =B7+B8 -> 20276 | C9: =C7+C8 -> 3700 | D9: =D7+D8 -> 8746 | E9: =E7+E8 -> 0 | F9: =F7+F8 -> 0 | G9: =G7+G8 -> 1128 | H9: =SUM(B9:G9) -> 33850
A10: 月予算に対する達成率 | B10: =IFERROR(B9/B6,"") -> 0.85725762 | C10: =IFERROR(C9/C6,"") -> 0.15643387 | D10: =IFERROR(D9/D6,"") -> 0.36977585 | E10: =IFERROR(E9/E6,"") -> 0 | F10: =IFERROR(F9/F6,"") -> 0 | G10: =IFERROR(G9/G6,"") -> 0.047691191 | H10: =IFERROR(H9/H6,"") -> 0.23852642
A11: 残り必要額（月予算 −①−②） | B11: =B6-B9 -> 3376.1667 | C11: =C6-C9 -> 19952.167 | D11: =D6-D9 -> 14906.167 | E11: =E6-E9 -> 23652.167 | F11: =F6-F9 -> 23652.167 | G11: =G6-G9 -> 22524.167 | H11: =SUM(B11:G11) -> 108063
A12: ③ CD玉（確度C・D／未成約） | B12: 16847 | C12: 6120 | D12: 35500 | E12: 3708 | F12: 2950 | G12: 118674 | H12: =SUM(B12:G12) -> 183799
A13: 必要転換率（残り必要額 ÷ CD玉） | B13: =IFERROR(B11/B12,"") -> 0.20040165 | C13: =IFERROR(C11/C12,"") -> 3.260158 | D13: =IFERROR(D11/D12,"") -> 0.41989202 | E13: =IFERROR(E11/E12,"") -> 6.3786857 | F13: =IFERROR(F11/F12,"") -> 8.0176836 | G13: =IFERROR(G11/G12,"") -> 0.18979866 | H13: =IFERROR(H11/H12,"") -> 0.58794117
A14: CD玉からの転換（想定転換率） | B14: =B12*前提!$B$9 -> 6283.931 | C14: =C12*前提!$B$9 -> 2282.76 | D14: =D12*前提!$B$9 -> 13241.5 | E14: =E12*前提!$B$9 -> 1383.084 | F14: =F12*前提!$B$9 -> 1100.35 | G14: =G12*前提!$B$9 -> 44265.402 | H14: =SUM(B14:G14) -> 68557.027
A15: 最終着地見込み（①＋②＋転換） | B15: =B9+B14 -> 26559.931 | C15: =C9+C14 -> 5982.76 | D15: =D9+D14 -> 21987.5 | E15: =E9+E14 -> 1383.084 | F15: =F9+F14 -> 1100.35 | G15: =G9+G14 -> 45393.402 | H15: =SUM(B15:G15) -> 102407.03
A16: 最終着地率 | B16: =IFERROR(B15/B6,"") -> 1.1229386 | C16: =IFERROR(C15/C6,"") -> 0.25294765 | D16: =IFERROR(D15/D6,"") -> 0.92961885 | E16: =IFERROR(E15/E6,"") -> 0.058475996 | F16: =IFERROR(F15/F6,"") -> 0.046522165 | G16: =IFERROR(G15/G6,"") -> 1.9192069 | H16: =IFERROR(H15/H6,"") -> 0.72161836
A17: 月予算に対する過不足 | B17: =B15-B6 -> 2907.7643 | C17: =C15-C6 -> -17669.407 | D17: =D15-D6 -> -1664.6667 | E17: =E15-E6 -> -22269.083 | F17: =F15-F6 -> -22551.817 | G17: =G15-G6 -> 21741.235 | H17: =SUM(B17:G17) -> -39505.973
A19: （参考）金額未入力 件数 | B19: 6 | C19: 3 | D19: 6 | E19: 1 | F19: 2 | G19: 17 | H19: =SUM(B19:G19) -> 35
A20: （参考）長期玉 | B20: 0 | C20: 0 | D20: 0 | E20: 0 | F20: 0 | G20: 300 | H20: =SUM(B20:G20) -> 300
A22: ※ 必要転換率が100%を超える月は、いまある玉では月予算に届かないことを意味します。
A23: ※ 長期玉はCD玉に含めていません。

Sheet 未入力シナリオ
A1: CD玉の金額未入力を補完した場合 単位：千円
A2: 下期CD玉113件のうち34件（30%）が金額未入力。営業活動をせずとも、入力するだけで見える数字が変わります。
A4: 項目 | B4: 現状 | C4: 中央値で補完 | D4: 平均で補完 | E4: ※ 算出方法
A5: CD玉 | B5: =下期サマリ!B11 -> 183799 | C5: =B5+前提!$B$10*前提!$B$11 -> 217799 | D5: =B5+前提!$B$10*前提!$B$12 -> 262917 | E5: 現状 ＋ 未入力件数 × 単価
A6: 必要転換率 | B6: =IFERROR(下期サマリ!$B$16/B5,0) -> 0.58794117 | C6: =IFERROR(下期サマリ!$B$16/C5,0) -> 0.4961593 | D6: =IFERROR(下期サマリ!$B$16/D5,0) -> 0.41101564 | E6: 残り必要額 ÷ CD玉
A7: 想定どおりの転換額 | B7: =B5*前提!$B$9 -> 68557.027 | C7: =C5*前提!$B$9 -> 81239.027 | D7: =D5*前提!$B$9 -> 98068.041 | E7: CD玉 × 想定転換率
A8: 最終着地見込み | B8: =下期サマリ!$B$9+B7 -> 102407.03 | C8: =下期サマリ!$B$9+C7 -> 115089.03 | D8: =下期サマリ!$B$9+D7 -> 131918.04 | E8: AB玉ベース着地 ＋ 転換額
A9: 最終着地率 | B9: =IFERROR(B8/下期サマリ!$B$6,0) -> 0.72161836 | C9: =IFERROR(C8/下期サマリ!$B$6,0) -> 0.81098298 | D9: =IFERROR(D8/下期サマリ!$B$6,0) -> 0.92956981 | E9: 最終着地見込み ÷ 下期予算
A10: 不足 | B10: =下期サマリ!$B$6-B8 -> 39505.973 | C10: =下期サマリ!$B$6-C8 -> 26823.973 | D10: =下期サマリ!$B$6-D8 -> 9994.959 | E10: 下期予算 − 最終着地見込み
A12: ※ 未入力34件の内訳：3月が17件（うち10件が片岡さん）。3月を優先して埋めると効果が大きい。

Sheet 算出方法
A1: 算出方法と注意点
A3: ■ データの範囲
A4: 対象 | B4: 商談レコードタイプ＝木材コーディネート＋TREEBATON
A5: 除外 | B5: フェーズ00_失注、テスト商談、＊原価管理用＊
A6: 期間 | B6: 完了予定日が26年度。下期＝2026年10月〜2027年3月
A7: 基準日 | B7: 2026/10/05 SF出力
A8: 含まないもの | B8: OEM・建築。営業3分類の全体を見る場合は別途レポートが必要
A10: ■ 各数字の作り方
A11: ① 受注済 | B11: 下期・フェーズ「07.成約」の金額合計（8件 13,111千円）
A12: ② AB玉 | B12: 下期・確度A または B・フェーズ07以外の金額合計（12件 20,739千円）
A13: ③ CD玉 | B13: 下期・確度C または D・フェーズ07以外の金額合計（113件 183,799千円）
A14: AB玉ベース着地見込み | B14: ① ＋ ②。確度が高く、ほぼ動かない確定ライン
A15: 残り必要額 | B15: 下期予算 −（①＋②）
A16: 必要転換率 | B16: 残り必要額 ÷ CD玉。CD玉のうちこれだけ成約できれば予算に届く
A17: 想定転換率 37.3% | B17: スプレッドシート（直近2年593件）の実測成約率。成約件数 ÷ 総商談件数
A18: 最終着地見込み | B18: ① ＋ ② ＋（CD玉 × 想定転換率）
A19: 月予算 | B19: 下期予算 ÷ 6ヶ月の均等割。実際の月次配分があれば月次シートで直接上書きする
A21: ■ 注意点
A22: 下期予算 141,913千円 | B22: 9/11時点で使用した値。SFの正式な下期予算と一致するか要確認。ここが変わると全部動く
A23: 金額未入力 | B23: 下期CD玉113件のうち34件（30%）が空欄。CD玉183,799千円は過小評価
A24: 3月への集中 | B24: 下期CD玉の65%（118,674千円・52件）が3月完了予定。期末の検収・納期リスクが大きい
A25: 保有の偏り | B25: CD玉の81%（62件 148,987千円）を片岡さんが保有
A26: 11月の薄さ | B26: 玉が9件・9,820千円しかない。AB玉は阪急阪神不動産3,700の1件のみ
A27: 長期玉 | B27: 1件300千円。CD玉には含めていない
